Item Number,Description of the Test,Setup,Expected Result,Remarks
1,Microphone Calibration,Place Brüel & Kjær Type 4231 Sound Calibrator over Brüel & Kjær Type 4190-L-001 microphone. Connect microphone to RME Fireface UCX II via Type 2669-L preamp and Mogami XLR cable. Run ARTA calibration routine with 94 dB and 114 dB settings at 1 kHz.,ARTA confirms microphone sensitivity within ±0.5 dB at 94 dB and 114 dB.,Ensure calibrator is snugly fitted. Recalibrate if tests are interrupted.[](https://www.audioholics.com/loudspeaker-design/loudspeaker-measurement-standard)
2,Background Noise Measurement,Position microphone on K&M 26740 stand, 1 m from speaker, at tweeter height (1.2 m). Speaker off, room quiet. Record noise level in ARTA for 10 seconds.,Background noise <30 dB SPL across 20 Hz to 15 kHz.,Minimize external noise (e.g., HVAC, traffic). Average reading over 10 seconds.[](https://www.sciencebuddies.org/science-fair-projects/project-ideas/Phys_p101/physics/paper-speaker-frequency-response)
3,On-Axis Frequency Response (Full Range),Connect speaker to Crown XLi 800 via Mogami XLR. Position microphone 1 m from speaker, on-axis with tweeter. Play pink noise via ARTA at 80 dB SPL. Measure frequency response in ARTA with 1/12-octave smoothing.,Flat response (±3 dB) from 50 Hz to 15 kHz, with gentle roll-off below 50 Hz (sealed cabinet: 12 dB/octave).,Adjust amplifier gain to maintain 80 dB SPL at 1 m. Note baffle step around 500 Hz.[](https://www.soundonsound.com/sound-advice/understanding-speaker-specifications)[](https://www.audioholics.com/loudspeaker-design/loudspeaker-measurement-standard)
4,Low-Frequency Near-Field Response,Move microphone to 5 cm from woofer cone center. Play swept sine wave (20 Hz to 200 Hz) via ARTA. Measure response and combine with baffle step model in ARTA.,Response within ±3 dB down to 50 Hz, with 12 dB/octave roll-off below.,Accounts for room limitations. Adjust for baffle step diffraction using cabinet dimensions.[](https://www.audioholics.com/loudspeaker-design/audio-measurements)[](https://www.audioholics.com/loudspeaker-design/loudspeaker-measurement-standard)
5,Tweeter Near-Field Response,Position microphone 10 cm from tweeter center, on-axis. Play swept sine wave (1 kHz to 15 kHz) via ARTA. Measure response.,Flat response (±3 dB) from 2 kHz to 15 kHz.,Ensure microphone is precisely aligned to avoid off-axis errors.[](https://lindos.co.uk/articles/loudspeaker-measurement)
6,Phase Response at Crossover,Position microphone 1 m from speaker, on-axis. Play swept sine wave (1 kHz to 5 kHz) covering crossover region (e.g., 2.5 kHz). Measure phase in ARTA.,Phase difference between woofer and tweeter <30° at crossover frequency.,Adjust crossover components if phase misalignment causes dips. Use Hilbert-Bode transform in ARTA for phase extraction.[](https://sites.google.com/site/undefinition/diy-speaker-faqs/simulated-measurements)
7,Off-Axis Frequency Response (Horizontal),Position microphone 1 m from speaker, at 30° and 60° horizontal angles from tweeter axis. Play pink noise at 80 dB SPL. Measure response in ARTA.,Smooth response with gradual roll-off above 8 kHz, no sharp dips.,Confirms consistent spatial positioning at 2 m listening distance. Compare to on-axis for directivity index.[](https://www.audioholics.com/loudspeaker-design/understanding-loudspeaker-measurements)
8,Off-Axis Frequency Response (Vertical),Position microphone 1 m from speaker, at ±10° vertical angles from tweeter axis. Play pink noise at 80 dB SPL. Measure response in ARTA.,Smooth response with minimal crossover interference, ±3 dB variation.,Ensures listener at 2 m hears balanced sound despite height variations.[](https://www.audioholics.com/loudspeaker-design/measure-loudspeaker-performance)
9,Group Delay Measurement,Use ARTA to derive group delay from impulse response (swept sine, 20 Hz to 15 kHz). Microphone at 1 m, on-axis.,Group delay <2 ms from 200 Hz to 15 kHz, increasing below 200 Hz.,Low group delay ensures tight bass. Sealed cabinet typically performs better.[](https://www.soundonsound.com/sound-advice/understanding-speaker-specifications)[](https://www.audioholics.com/loudspeaker-design/loudspeaker-measurement-standard)
10,Harmonic Distortion Measurement,Play swept sine wave (20 Hz to 15 kHz) at 90 dB SPL. Measure 2nd and 3rd harmonic distortion in ARTA with microphone at 1 m.,Distortion <1% from 100 Hz to 10 kHz, <3% below 100 Hz.,High distortion may indicate driver or cabinet issues. Test at multiple levels if needed.[](https://hificompass.com/en/speakers/measurements)
11,Cumulative Spectral Decay (CSD),Play short MLS signal via ARTA. Measure CSD with microphone at 1 m, on-axis.,No significant resonances above -30 dB after 1 ms, especially around 1-3 kHz.,Identifies cabinet or driver resonances. Adjust damping if ridges persist.[](https://audioxpress.com/article/testing-loudspeakers-which-measurements-matter-part-1)[](https://novo.press/understanding-speaker-specifications-and-frequency-response/)
12,Impedance Measurement,Connect speaker to RME Fireface UCX II via ARTA’s impedance jig. Measure impedance across 20 Hz to 15 kHz.,Nominal impedance (e.g., 8 ohms) with no dips below 80% of nominal (6.4 ohms for 8 ohms). Peaks at woofer resonance (50-100 Hz).,Confirms amplifier compatibility. Note resonance frequencies.[](https://www.audioholics.com/loudspeaker-design/speaker-impedance)[](https://www.audioholics.com/loudspeaker-design/measure-loudspeaker-performance)
13,Listening Window Response,Measure frequency response at nine positions (±30° horizontal, ±10° vertical) around 1 m. Average in ARTA to simulate 2 m listening position.,Flat response (±3 dB) with attenuated interference effects.,Ensures consistent sound for typical listener at 2 m.[](https://www.audioholics.com/loudspeaker-design/measure-loudspeaker-performance)
14,Driver Interaction Check,Play pink noise and swept sine at crossover frequency (e.g., 2.5 kHz). Measure response at 1 m, focusing on crossover region.,No dips >3 dB at crossover frequency, smooth transition between drivers.,Adjust crossover slope or phase if dips occur.[](https://sites.google.com/site/undefinition/diy-speaker-faqs/simulated-measurements)[](https://audioxpress.com/article/testing-loudspeakers-which-measurements-matter-part-1)
15,Final Listening Test,Position speaker on K&M stand, listener at 2 m. Play reference tracks (e.g., pink noise, orchestral, vocal). Subjectively assess balance, imaging, and clarity.,Balanced sound, accurate imaging, no audible distortion or resonances.,Document subjective impressions. Adjust EQ or crossover if needed.